zone_ids,assoc_name,mgmt_company,phone,email,portal_url,gate_policy,dock_rules_summary,outreach_suitability,confidence,sources
"N16;N15","Steiner Ranch Master Association, Inc.","On-site office (Alamo Management Group domain); sub-assoc SRROA managed by Goodwin & Company","512-266-7553 (master); 855-289-6007 (Goodwin)","steiner@alamomg.com; ASTRRmanager@goodwintx.com","https://steinerranchhoa.org/ ; http://astrr.sites.townsq.io/0","Master-planned with gated sub-sections; Lake Club on Lake Austin is access-controlled residents-only","Architectural Committee approval required before any exterior modification; HOA maintains Lake Club boat ramp/day docks; City of Austin dock registration + LCRA HLDO apply","B2B-OK","HIGH","https://steinerranchhoa.org/contact/ ; http://astrr.sites.townsq.io/0 ; https://www.texasally.com/neighborhoods/travis/austin/hoas/steiner-ranch-residential-owners-association-inc (accessed 2026-07-27)"
"N15","Caslano on Lake Austin (gated section of Steiner Ranch)","NOT FOUND as standalone association — route via Steiner Ranch Master Association","NOT FOUND","NOT FOUND","https://steinerranchhoa.org/","Gated entry off Quinlan Park Rd; resident authorization required","Covered by Steiner Ranch architectural rules + City/LCRA dock rules","B2B-OK via Steiner Ranch HOA","LOW","https://steinerranchhoa.org/ ; https://www.atxhomes.co/caslano-homes/ (accessed 2026-07-27)"
"N12","Riverplace Residential Community Association, Inc.","Legacy Southwest Property Management","214-705-1615 x119 (Sondra Franey); x123 ACC (Brittany Semrau); x117 compliance","sondra@legacyswhoa.com; brittany@legacyswhoa.com; chase@legacyswhoa.com","https://riverplacetxhoa.com/contact-us.aspx","Gated and guarded 24/7; vendor/resident call-ahead required","ACC requests via Legacy Southwest; City of Austin/LCRA dock rules overlay","B2B-OK","HIGH","https://riverplacetxhoa.com/contact-us.aspx ; https://communityimpact.com/austin/lake-travis-westlake/housing-real-estate/2021/04/12/featured-neighborhood-austins-river-place-community/ (accessed 2026-07-27)"
"N12","River Place Estates HOA (sub-association)","Goodwin & Company","512-502-7525 (Tim Favorite); 855-289-6007 accounting","info@goodwintx.com","https://arpe.sites.townsq.io/","Gated sections; resident authorization","HOA rules + City/LCRA dock rules","B2B-OK","HIGH","https://arpe.sites.townsq.io/ (accessed 2026-07-27)"
"N12","River Place Limited District (public district, not HOA)","Inframark","512-246-0498","csaus@inframark.com","https://www.riverplacelimiteddistrict.org/about","Controls trails/parks not gates","N/A — parks/trails jurisdiction","B2B-OK (public district)","HIGH","https://www.riverplacelimiteddistrict.org/about (accessed 2026-07-27)"
"N8","Greenshores on Lake Austin Property Owners Association","NOT FOUND (sub-assoc Woods of Greenshores POA linked to Alliance Association Management — unverified)","NOT FOUND","NOT FOUND","NOT FOUND","The Landing and Woods sections gated (remote access)","HOA maintains residents-only community dock and waterfront park; deed restrictions incl. tree preservation vary by lot","CAUTION until mgmt verified; Alliance AM B2B-OK for Woods section","MEDIUM/LOW","https://www.searchaustinhomes.com/neighborhood/northwest-austin/greenshores-on-lake-austin/ ; https://comparehoamanagers.com/texas/companies/alliance-association-management/ ; https://munozaustin.com/blogs/woods-of-greenshores-austin-tx-78730/ (accessed 2026-07-27)"
"N5","Mount Bonnell Shores/Colorado Crossing Homeowners Association, Inc.","Self-managed (volunteer 5-person board); PO Box 27144, Austin, TX 78755","NOT FOUND","NOT FOUND","https://www.eneighbors.com/p/coloradocrossing","Lakeside park gate code; sharing code prohibited; guests must be accompanied","5-acre private lakeside park on Lake Austin; common-area tree/vegetation cutting by non-committee prohibited","CAUTION (volunteer board — website contact only)","MEDIUM","https://www.eneighbors.com/!h_119461352/public-document/157110071162 (accessed 2026-07-27)"
"N5","The Island at Mount Bonnell Shores","NOT FOUND","NOT FOUND","NOT FOUND","NOT FOUND","Gated enclave (~30 waterfront homes); resident authorization","Unknown; City/LCRA dock rules apply","No channel identified","LOW","https://www.cainrealtygroup.com/austin/island-at-mount-bonnell-shores/ (accessed 2026-07-27)"
"N4","Watersedge HOA","NOT FOUND","NOT FOUND","NOT FOUND","NOT FOUND","Private gated waterfront community; resident authorization","Homes have dock slips; City/LCRA dock rules apply","No channel identified; try Travis County management certificate records","LOW","https://www.searchaustinhomes.com/neighborhood/central-austin/watersedge/ ; https://www.mapsofaustin.com/watersedge/ (accessed 2026-07-27)"
"N6","Courtyard Homeowners Association","Goodwin & Company","512-502-7518 (Alice English); 512-502-7500","alice.english@goodwintx.com","https://www.courtyardhoa.org/ ; https://acou.sites.townsq.io/","Gated with rotating gate code","Environmental Control Committee (ECC) approval required before any landscape/exterior change; kayak launch to Lake Austin","B2B-OK (Goodwin); board member personal emails published = CAUTION do-not-cold-call","HIGH","https://www.courtyardhoa.org/ ; https://www.courtyardhoa.org/new-neighbors/new-neighbors-page-1/ (accessed 2026-07-27)"
"S19","Apache Shores Property Owners Association","Spectrum Association Management","512-834-3900 (Spectrum)","board@apacheshorespoa.com; contact@spectrumam.com","https://apacheshorespoa.com/","Gated lakeside park w/ security access","ACC processes architectural applications via on-site office; deed-restriction inspections; POA lakeside park on Lake Austin arm","B2B-OK (Spectrum + on-site office)","HIGH","https://apacheshorespoa.com/frequently-asked-questions/ ; https://apacheshorespoa.com/aspoa-board/property-management/ ; https://spectrumam.com/texas/austin-hoa-management/ (accessed 2026-07-27)"
"S18","Lake Pointe on Lake Austin Homeowners Association","Cohere (Cohere Life, Inc.) since 2024-10-01","480-367-2626 (Cohere)","connect@coherelife.com; lakepointe@coherelife.com","https://www.lakepointehoa.org/ ; https://coherelife.com/communities/lake-pointe-on-lake-austin-tx/","Gated; security dispatch 512-482-5860","Cohere oversees facilities incl. lakefront amenities; City/LCRA dock rules apply","B2B-OK (Cohere on-site team)","HIGH","https://www.lakepointehoa.org/home/ ; https://www.lakepointehoa.org/faq-1/ (accessed 2026-07-27)"
"S13","Rob Roy on the Lake Owners Association, Inc.","Spectrum Association Management","512-954-6440","contact@spectrumam.com","https://rrotl.weebly.com/","Gated estate community (<50 homes); resident authorization","Unknown HOA-specific; City/LCRA dock rules apply","B2B-OK (Spectrum)","HIGH","https://rrotl.weebly.com/ ; https://commonelements.com/texas/associations/rob-roy-on-the-lake-owners-association-inc-austin-tx (accessed 2026-07-27)"
"S7","Davenport Ranch Master Association","Goodwin & Company","855-289-6007; 512-502-7500","ADRMmanager@goodwintx.com; info@goodwintx.com","https://adrm.sites.townsq.io/ ; http://www.davenportranch.org/","Gated sub-sections; park credentials required for amenities","Master assoc controls common areas; Marina Club Waterfront Association (CMA-managed) governs marina area","B2B-OK (Goodwin)","HIGH","https://adrm.sites.townsq.io/5 ; https://adrm.sites.townsq.io/6 (accessed 2026-07-27)"
"S7","Marina Club Waterfront Association (Davenport Ranch)","Community Association Management (CMA) — per Travis County tax record","NOT FOUND","NOT FOUND","NOT FOUND","Waterfront sub-association","Marina/waterfront common area governance","B2B-OK (verify first)","MEDIUM","https://tax-office.traviscountytx.gov/voterdata/TaxDelqOpenData.csv (accessed 2026-07-27)"
"S10","Rivercrest","NO HOA EXISTS","N/A","N/A","N/A","No gate","No HOA layer; City of Austin dock registration + LCRA HLDO only; shared community dock is private arrangement","N/A — direct-to-homeowner only","MEDIUM","https://www.searchaustinhomes.com/neighborhood/lake-austin/rivercrest/ (accessed 2026-07-27)"
"S5","St. Tropez Homeowners' Association, Inc.","Goodwin & Company","855-289-6007 (Melissa McWilliams)","info@goodwintx.com","https://astpz.sites.townsq.io/","Gated (Westlake Dr/Westlake Pass)","Private HOA marina + pool/greenbelt; marina/dock work requires HOA coordination","B2B-OK (Goodwin)","HIGH","https://astpz.sites.townsq.io/ ; https://www.searchaustinhomes.com/neighborhood/westlake/st-tropez/ (accessed 2026-07-27)"
"S15;S16","Lake Hills Community Association (Cuernavaca/Austin Lake Hills)","Self-managed voluntary association (est. 1959)","NOT FOUND","NOT FOUND (apply via website eForms)","https://lakehillsca.org/","Members-only gated park; $350/yr gate card for deeded-access boat launch; towing enforced","Operates boat ramp, docks, roped beach; contractor staging requires member sponsorship","CAUTION (volunteer board; website contact only)","MEDIUM","https://lakehillsca.org/membership-information/ ; https://www.causeiq.com/organizations/lakehills-community-association,742395981/ (accessed 2026-07-27)"
"S15;S16","Austin Lake Estates HOA","NOT FOUND","NOT FOUND","NOT FOUND","NOT FOUND","Private community park/boat ramp for residents","Community boat ramp on Lake Austin","No channel identified","LOW","https://hoa-community.com/austin-lake-estates-hoa-austin-tx/ (accessed 2026-07-27)"
"S20","Hidden Valley (Lake Austin enclave)","NOT FOUND","NOT FOUND","NOT FOUND","NOT FOUND","Unknown","Unknown; City/LCRA dock rules apply","No channel identified; check TCAD subdivision records","LOW","https://lakeaustinhomes.com/lake-austin-neighborhoods/ (accessed 2026-07-27)"
"N11","Coldwater Canyon HOA / Coldwater Ridge HOA","NOT FOUND (small self-managed regimes likely)","NOT FOUND","NOT FOUND","NOT FOUND","Coldwater Ridge is gated condo regime (5807 City Park Rd); dues ~$360-400/mo cover gate/common areas","Unknown HOA-specific; City/LCRA dock rules apply","No channel identified","LOW-MEDIUM","https://www.homes.com/property/5807-city-park-rd-austin-tx-unit-9/nbzms7f29296k/ ; https://www.redfin.com/TX/Austin/5807-City-Park-Rd-78730/unit-12/home/31075325 (accessed 2026-07-27)"
"N11","Sanctuary at Coldwater","NOT FOUND — no entity under this name","NOT FOUND","NOT FOUND","NOT FOUND","Unknown","Unknown","No channel identified; verify plat name via TCAD","LOW","https://www.homes.com/property/7353-7-coldwater-canyon-dr-austin-tx/f706ftyx2x50f/ (accessed 2026-07-27)"
"S3","Oyster's Landing Marina (commercial)","Oyster's Landing Marina","512-480-9003","NOT FOUND","NOT FOUND","Commercial marina node","Marina ops on Lake Austin","B2B-OK (commercial marina)","MEDIUM","https://lakeaustinhomes.com/lake-austin-marinas/ (accessed 2026-07-27)"
"S3","Oyster Landing residential condo/HOA association","NOT FOUND (referenced in 2013 marina directory only)","NOT FOUND","NOT FOUND","NOT FOUND","Adjacent condo regimes likely small/self-managed","Unknown","No channel identified","LOW","https://www.marinaassociationoftexas.com/wp-content/uploads/2024/08/2013_facilities_services_directory.pdf (accessed 2026-07-27)"
"N1","Tarrytown waterfront (no HOA)","NO MASTER HOA — voluntary civic orgs only (West Austin Neighborhood Group; Stratford Drive NA; Tarrytown Boat Club private)","N/A","N/A","N/A","No gate","No HOA layer; City of Austin dock registration + LCRA HLDO only; some deeded private boat slips","N/A — direct-to-homeowner; civic orgs CAUTION","HIGH","https://lakeaustinhomes.com/lake-austin-neighborhoods/ ; https://www.atxanc.org/current-members (accessed 2026-07-27)"
"Bridge Point","Four Seasons Private Residences Lake Austin (under construction)","NOT FOUND — Four Seasons will manage property; no public HOA/mgmt contact yet","NOT FOUND","NOT FOUND","https://ericmorelandgroup.com/fourseasons","Private gated enclave under construction; access via developer GC","~1 mile private shoreline; lakeside marina planned; governance pre-formation","B2B route: Four Seasons sales/dev team via Eric Moreland Group (project broker)","MEDIUM/LOW","https://ericmorelandgroup.com/fourseasons ; https://www.bldup.com/projects/four-seasons-residences-lake-austin (accessed 2026-07-27)"
"MGMT","Goodwin & Company (Austin HQ, est. 1978)","N/A — management company","855-289-6007; 512-502-7500","info@goodwintx.com","https://www.goodwintx.com ; TownSq app","Vendor approval here unlocks Courtyard, St. Tropez, Davenport Ranch, SRROA, River Place Estates","Handles ACC requests for managed communities","B2B-OK (highest leverage)","HIGH","https://www.hoamanagement.com/association-management-company/goodwin-company/ ; https://lifetimehoamanagement.com/hoa-management-companies-in-austin/ (accessed 2026-07-27)"
"MGMT","Spectrum Association Management (est. 2001)","N/A — management company","512-834-3900","contact@spectrumam.com","https://spectrumam.com/texas/austin-hoa-management/","Vendor approval unlocks Apache Shores + Rob Roy on the Lake","Handles ACC for managed communities","B2B-OK","HIGH","https://spectrumam.com/texas/austin-hoa-management/ ; https://www.vistaoaks.org/general/spectrum-association-management-vista-oaks-new-property-manager/ (accessed 2026-07-27)"
"MGMT","Other large Austin HOA firms (no confirmed lakefront targets this scan): RealManage (Austin office); CCMC 512-975-2351; FirstService Residential; The Management Trust 512-234-3320; Lifetime HOA Management 512-631-4977; Inframark 512-246-0498 (districts)","N/A","see row","see row","realmanage.com; ccmcnet.com; fsresidential.com; managementtrust.com; lifetimehoamanagement.com; inframark.com","Peripheral to target zones","N/A","B2B-OK","MEDIUM","https://lifetimehoamanagement.com/hoa-management-companies-in-austin/ ; https://caiaustin.org/management_companies.php (accessed 2026-07-27)"
